Centro de Costo,Subcategoria,Items Incluidos
GASTOS ADMINISTRATIVOS Y FIJOS,Remuneraciones,"Sueldos líquidos, Imposiciones"
GASTOS ADMINISTRATIVOS Y FIJOS,Infraestructura,"Arriendo, Servicios básicos (Luz, agua, internet)"
GASTOS ADMINISTRATIVOS Y FIJOS,Impuestos y Finanzas,"IVA, Patentes, Gastos bancarios"
GASTOS ADMINISTRATIVOS Y FIJOS,Operación de Oficina,"Artículos de aseo, Útiles de oficina"
IMPRESIÓN GRAN FORMATO (PLOTTERS),Roland SG300,"Rollos de plotter (vinilos, telas, etc.), Cartridges de tinta, Cartridge cleaner, Kit de limpieza"
IMPRESIÓN GRAN FORMATO (PLOTTERS),Roland RF640,"Rollos de plotter, Botellas de tinta, Botella cleaner, Kit de limpieza"
IMPRESIÓN GRAN FORMATO (PLOTTERS),HP LATEX 335,"Rollos de plotter, Cartridges de tinta, Kit de mantención"
IMPRESIÓN GRAN FORMATO (PLOTTERS),Sustratos Rígidos,"Planchas de foam, Sintra, Acrílicos generales"
IMPRESIÓN GRAN FORMATO (PLOTTERS),Laminadora en Caliente (Gran Formato),Rollos de laminado para plotter
IMPRESIÓN GRAN FORMATO (PLOTTERS),Laminadora en Frío,Rollos de laminado mate
IMPRESIÓN GRAN FORMATO (PLOTTERS),Mantención de Máquinas y Repuestos,"Gastos técnicos, cambio de cabezales, repuestos mecánicos"
IMPRESIÓN DIGITAL Y PAPELERÍA,Canon imagePRESS C700,"Papeles (couché, bond, opalina, adhesivo, etc.), Toner CMYK"
IMPRESIÓN DIGITAL Y PAPELERÍA,Ricoh Aficio 5054,"Papeles, Toner (solo negro)"
IMPRESIÓN DIGITAL Y PAPELERÍA,Encuadernación y Soportes,"Cartón piedra, Vinil adhesivo para encuadernar, Cintas de encuadernación (fastback), Corchetes"
IMPRESIÓN DIGITAL Y PAPELERÍA,Plastificadora,Micas de encapsulado
IMPRESIÓN DIGITAL Y PAPELERÍA,Laminadora en Caliente (Polimate),Rollos de polimate (para impresión digital)
IMPRESIÓN DIGITAL Y PAPELERÍA,Mantención de Máquinas y Repuestos,"Visitas técnicas, cambio de fusores, repuestos internos"
IMPRESIÓN DIRECTA Y GRABADO LÁSER,Roland VersaUV LEF12,"Cartridges de tinta UV, líquidos de limpieza"
IMPRESIÓN DIRECTA Y GRABADO LÁSER,Objetos para personalizar,"Lápices, galvanos, llaveros, cerámicas, pendrives, etc."
IMPRESIÓN DIRECTA Y GRABADO LÁSER,Sustratos rígidos especiales,"Lamicoid, Acrílicos especiales para grabado/corte"
IMPRESIÓN DIRECTA Y GRABADO LÁSER,Mantención de Máquinas y Repuestos,"Cambios de tubos láser, espejos, repuestos mecánicos o de cabezales UV"
MARQUETERÍA,Insumos de Enmarcado,"Molduras, Vidrios, Traseras, Passepartout"
MARQUETERÍA,Materiales Auxiliares,"Puntas auxiliares, Cintas adhesivas, Cola fría, Cinta engomada"
MARQUETERÍA,Mantención de Máquinas y Repuestos,"Afilado de cuchillos, repuestos para ensambladoras o cortadoras"
SUBLIMACIÓN Y ESTAMPADOS,Insumos de Impresión,"Hojas de sublimación, Tintas de sublimación (Sawgrass, Epson), Compra de DTF Textil"
SUBLIMACIÓN Y ESTAMPADOS,Sustratos en Blanco (Blanks),"Poleras, Textiles en general, Objetos sublimables"
SUBLIMACIÓN Y ESTAMPADOS,Mantención de Máquinas y Repuestos,"Arreglo de resistencias de planchas, repuestos de impresoras pequeñas"
FOTOGRAFÍA QUÍMICA,Papel Fotográfico,Rollos de papel fotosensible de distintos anchos/superficies
FOTOGRAFÍA QUÍMICA,Procesos Químicos,"Revelador, blanqueador, fijador, estabilizador y regeneradores"
FOTOGRAFÍA QUÍMICA,Mantención Minilab y Repuestos,"Filtros, lámparas, piezas mecánicas de la procesadora y visitas técnicas"
TIENDA / PRODUCTO DIRECTO,Venta Directa,Productos de reventa que no sufren intervención en el taller
HERRAMIENTAS Y TALLER,Herramientas de Uso General,"Despuntadora, Tijeras, Cutters, Reglas, herramientas de mano que usan todas las áreas"
INVERSIONES Y PROYECTOS ESPECIALES,Infraestructura y Remodelaciones,"Compra de muebles, cerámicas, pintura, arreglos estructurales del local"
INVERSIONES Y PROYECTOS ESPECIALES,Tecnología y Sistemas,"Implementación de sistemas ERP, compra de computadores, licencias de software definitivas"
